{
  "created_utc": "2026-06-25T03:17:59.314487+00:00",
  "metrics": {
    "dz": {
      "median_abs_delta": -0.004533085479846238,
      "median_ratio": 0.9497806512475414,
      "sampled": {
        "max": 0.9999167708362904,
        "median": 0.08573263067252246,
        "min": -0.999936880881148,
        "n": 50000.0,
        "p10": -0.6951523233388219,
        "p90": 0.7986467471397731
      },
      "sim_ia_init": {
        "max": 0.9999055571402731,
        "median": 0.0902657161523687,
        "min": -0.9999974810218273,
        "n": 50000.0,
        "p10": -0.6949586866857626,
        "p90": 0.7988001459301319
      },
      "status": "PASS"
    },
    "energy_keV": {
      "median_ratio": 0.9904379783726761,
      "sampled": {
        "max": 12646.522891920384,
        "median": 9.084792356623371,
        "min": 0.01137450729284408,
        "n": 50000.0,
        "p10": 0.2655364566134538,
        "p90": 198.0944839950288
      },
      "sim_ia_init": {
        "max": 20685.807,
        "median": 9.1725,
        "min": 0.011,
        "n": 50000.0,
        "p10": 0.273,
        "p90": 200.39929999999995
      },
      "status": "PASS"
    },
    "radius_cm": {
      "median_ratio": 0.9999202682474057,
      "sampled": {
        "max": 91.1516013873188,
        "median": 73.21610417075469,
        "min": 53.73652601708425,
        "n": 50000.0,
        "p10": 62.17452908672562,
        "p90": 83.54456206943021
      },
      "sim_ia_init": {
        "max": 91.06204792371244,
        "median": 73.2219422845414,
        "min": 53.675381532175436,
        "n": 50000.0,
        "p10": 62.07609122757036,
        "p90": 83.5173671757005
      },
      "status": "PASS"
    }
  },
  "primary_tag": "eminus",
  "sampled_source_energy_policy": "LEGACY_CDF_ENERGY_MEV_COLUMN_USED_AS_KEV_TO_MATCH_TES_COSIMA_SOURCE",
  "samples_compared": 50000,
  "sim_paths": [
    "/home/ubuntu/TES_511_Balloon/runs/step02_instant_fix5_fullstat_v2/Background_eminus_fullsphere20_rep01_part01.inc1.id1.sim.gz",
    "/home/ubuntu/TES_511_Balloon/runs/step02_instant_fix5_fullstat_v2/Background_eminus_fullsphere20_rep02_part01.inc1.id1.sim.gz",
    "/home/ubuntu/TES_511_Balloon/runs/step02_instant_fix5_fullstat_v2/Background_eminus_fullsphere20_rep03_part01.inc1.id1.sim.gz",
    "/home/ubuntu/TES_511_Balloon/runs/step02_instant_fix5_fullstat_v2/Background_eminus_fullsphere20_rep04_part01.inc1.id1.sim.gz",
    "/home/ubuntu/TES_511_Balloon/runs/step02_instant_fix5_fullstat_v2/Background_eminus_fullsphere20_rep05_part01.inc1.id1.sim.gz",
    "/home/ubuntu/TES_511_Balloon/runs/step02_instant_fix5_fullstat_v2/Background_eminus_fullsphere20_rep06_part01.inc1.id1.sim.gz",
    "/home/ubuntu/TES_511_Balloon/runs/step02_instant_fix5_fullstat_v2/Background_eminus_fullsphere20_rep07_part01.inc1.id1.sim.gz",
    "/home/ubuntu/TES_511_Balloon/runs/step02_instant_fix5_fullstat_v2/Background_eminus_fullsphere20_rep08_part01.inc1.id1.sim.gz"
  ],
  "source_rotation_y_deg": -45.0,
  "status": "PASS"
}