window,stage,official_events,computed_events,event_delta,official_rate_s-1,computed_rate_s-1,rate_delta_s-1,status
broad_480_550,raw,86,86,0,0.00738225000163,0.007382250001628216,-1.784163095042146e-15,PASS
broad_480_550,active_veto_pass,43,43,0,0.00369112500081,0.0036911250008141083,4.1082588719820734e-15,PASS
broad_480_550,side_compton_fov_pass,37,37,0,0.00317608430303,0.003176084303026095,-3.904862544423793e-15,PASS
w2_510p58_511p42,raw,54,54,0,0.00463536628009,0.004635366280092136,2.136311960665438e-15,PASS
w2_510p58_511p42,active_veto_pass,33,33,0,0.00283272383783,0.002832723837834083,4.08310538158041e-15,PASS
w2_510p58_511p42,side_compton_fov_pass,30,30,0,0.00257520348894,0.0025752034889400762,7.632783294297951e-17,PASS
