{
  "created_utc": "2026-06-25T03:23:20.626742+00:00",
  "metrics": {
    "dz": {
      "median_abs_delta": -0.0035295409080103035,
      "median_ratio": 0.9854950247117796,
      "sampled": {
        "max": 0.9999243485675767,
        "median": 0.2398035801678104,
        "min": -0.9999956840496111,
        "n": 50000.0,
        "p10": -0.5937532624963688,
        "p90": 0.8537861304146246
      },
      "sim_ia_init": {
        "max": 0.9999409124793325,
        "median": 0.2433331210758207,
        "min": -0.999962125682768,
        "n": 50000.0,
        "p10": -0.5941775855903687,
        "p90": 0.8580465018054091
      },
      "status": "PASS"
    },
    "energy_keV": {
      "median_ratio": 0.9975443364186822,
      "sampled": {
        "max": 75421.00295711025,
        "median": 0.17656534754610675,
        "min": 0.01196996996822487,
        "n": 50000.0,
        "p10": 0.05086941795446822,
        "p90": 9.684799533625526
      },
      "sim_ia_init": {
        "max": 113828.538,
        "median": 0.177,
        "min": 0.012,
        "n": 50000.0,
        "p10": 0.052,
        "p90": 9.662099999999999
      },
      "status": "PASS"
    },
    "radius_cm": {
      "median_ratio": 0.9988539851776265,
      "sampled": {
        "max": 91.13544795408906,
        "median": 72.64178389607238,
        "min": 53.72499315732479,
        "n": 50000.0,
        "p10": 61.46573933700506,
        "p90": 82.93118335756132
      },
      "sim_ia_init": {
        "max": 91.10779760908723,
        "median": 72.7251279706858,
        "min": 53.722467582982446,
        "n": 50000.0,
        "p10": 61.372737754536914,
        "p90": 82.95928407578535
      },
      "status": "PASS"
    }
  },
  "primary_tag": "gamma",
  "sampled_source_energy_policy": "LEGACY_CDF_ENERGY_MEV_COLUMN_USED_AS_KEV_TO_MATCH_TES_COSIMA_SOURCE",
  "samples_compared": 50000,
  "sim_paths": [
    "/home/ubuntu/TES_511_Balloon/runs/step02_instant_fix5_fullstat_v2/Background_gamma_fullsphere20_rep01_part01.inc1.id1.sim.gz",
    "/home/ubuntu/TES_511_Balloon/runs/step02_instant_fix5_fullstat_v2/Background_gamma_fullsphere20_rep01_part02.inc1.id1.sim.gz",
    "/home/ubuntu/TES_511_Balloon/runs/step02_instant_fix5_fullstat_v2/Background_gamma_fullsphere20_rep01_part03.inc1.id1.sim.gz",
    "/home/ubuntu/TES_511_Balloon/runs/step02_instant_fix5_fullstat_v2/Background_gamma_fullsphere20_rep01_part04.inc1.id1.sim.gz",
    "/home/ubuntu/TES_511_Balloon/runs/step02_instant_fix5_fullstat_v2/Background_gamma_fullsphere20_rep01_part05.inc1.id1.sim.gz",
    "/home/ubuntu/TES_511_Balloon/runs/step02_instant_fix5_fullstat_v2/Background_gamma_fullsphere20_rep01_part06.inc1.id1.sim.gz",
    "/home/ubuntu/TES_511_Balloon/runs/step02_instant_fix5_fullstat_v2/Background_gamma_fullsphere20_rep01_part07.inc1.id1.sim.gz",
    "/home/ubuntu/TES_511_Balloon/runs/step02_instant_fix5_fullstat_v2/Background_gamma_fullsphere20_rep01_part08.inc1.id1.sim.gz",
    "/home/ubuntu/TES_511_Balloon/runs/step02_instant_fix5_fullstat_v2/Background_gamma_fullsphere20_rep01_part09.inc1.id1.sim.gz",
    "/home/ubuntu/TES_511_Balloon/runs/step02_instant_fix5_fullstat_v2/Background_gamma_fullsphere20_rep01_part10.inc1.id1.sim.gz",
    "/home/ubuntu/TES_511_Balloon/runs/step02_instant_fix5_fullstat_v2/Background_gamma_fullsphere20_rep01_part11.inc1.id1.sim.gz",
    "/home/ubuntu/TES_511_Balloon/runs/step02_instant_fix5_fullstat_v2/Background_gamma_fullsphere20_rep01_part12.inc1.id1.sim.gz"
  ],
  "source_rotation_y_deg": -45.0,
  "status": "PASS"
}