window,stage,official_events,computed_events,event_delta,official_rate_s-1,computed_rate_s-1,rate_delta_s-1,status
broad_480_550,raw,343,343,0,0.24704205674,0.2470420567402644,2.6439961331448103e-13,PASS
broad_480_550,active_veto_pass,101,101,0,0.0732854965277,0.07328549652769878,-1.2212453270876722e-15,PASS
broad_480_550,side_compton_fov_pass,86,86,0,0.0631059286155,0.06310592861548728,-1.2725931419765857e-14,PASS
w2_510p58_511p42,raw,161,161,0,0.118771369178,0.11877136917846545,4.654471252862891e-13,PASS
w2_510p58_511p42,active_veto_pass,60,60,0,0.0407123030753,0.04071230307533774,3.7740643943351415e-14,PASS
w2_510p58_511p42,side_compton_fov_pass,54,54,0,0.0366410230297,0.036641023029691425,-8.576472865229334e-15,PASS
