nuclide,particle_code,particle,count,yield_per_parent,mean_kinetic_energy_keV
Al-28,14028,ION_ZA_14028,40000,2.0,0.08942770000002266
Al-28,1,PHOTON,20000,1.0,1778.9690000001292
Al-28,3,ELECTRON,20000,1.0,1247.7263164499982
Al-28,13,NEUTRINO_OR_ANTINEUTRINO,20000,1.0,1615.3898613500112
