nuclide,particle_code,particle,count,yield_per_parent,mean_kinetic_energy_keV
Cu-64,3,ELECTRON,29263,1.46315,51.92905481324661
Cu-64,28064,ION_ZA_28064,12384,0.6192,0.01748934108526979
Cu-64,12,NEUTRINO_OR_ANTINEUTRINO,12298,0.6149,1303.1915887137764
Cu-64,13,NEUTRINO_OR_ANTINEUTRINO,7702,0.3851,387.92580290833473
Cu-64,30064,ION_ZA_30064,7702,0.3851,0.0034875357050117577
Cu-64,2,POSITRON,3534,0.1767,218.3738155065086
Cu-64,1,PHOTON,3188,0.1594,43.48602195734127
