nuclide,particle_code,particle,count,yield_per_parent,mean_kinetic_energy_keV
I-128,3,ELECTRON,23063,1.15315,644.8680775267804
I-128,54128,ION_ZA_54128,21567,1.07835,0.012530625492650348
I-128,13,NEUTRINO_OR_ANTINEUTRINO,18611,0.93055,1250.3594263607504
I-128,1,PHOTON,4121,0.20605,338.17342853675575
I-128,52128,ION_ZA_52128,1407,0.07035,0.00600426439232414
I-128,12,NEUTRINO_OR_ANTINEUTRINO,1389,0.06945,1215.698730021624
I-128,2,POSITRON,2,0.0001,108.7655
