nuclide,particle_code,particle,count,yield_per_parent,mean_kinetic_energy_keV
Na-24,12024,ION_ZA_12024,59991,2.99955,0.08381493890752681
Na-24,1,PHOTON,39991,1.99955,2061.599722937763
Na-24,3,ELECTRON,20000,1.0,555.5894606499977
Na-24,13,NEUTRINO_OR_ANTINEUTRINO,20000,1.0,837.4984280999981
