{
  "created_utc": "2026-06-25T03:11:33.570127+00:00",
  "metrics": {
    "dz": {
      "median_abs_delta": -0.005129253882258378,
      "median_ratio": 1.0168621881403226,
      "sampled": {
        "max": 0.9997851340495761,
        "median": -0.3093159845469934,
        "min": -0.9999488443784948,
        "n": 50000.0,
        "p10": -0.8703473684328649,
        "p90": 0.5111896830098714
      },
      "sim_ia_init": {
        "max": 0.9996015012243629,
        "median": -0.304186730664735,
        "min": -0.9999974810218274,
        "n": 50000.0,
        "p10": -0.8704929953678547,
        "p90": 0.5155020566884286
      },
      "status": "PASS"
    },
    "energy_keV": {
      "median_ratio": 1.0069194570726185,
      "sampled": {
        "max": 881769.6457385281,
        "median": 1627.1309931967694,
        "min": 2.6048228469634225,
        "n": 50000.0,
        "p10": 307.178997209784,
        "p90": 8258.473716554656
      },
      "sim_ia_init": {
        "max": 457336.612,
        "median": 1615.9495000000002,
        "min": 1.663,
        "n": 50000.0,
        "p10": 307.5263000000001,
        "p90": 8182.9728
      },
      "status": "PASS"
    },
    "radius_cm": {
      "median_ratio": 1.0001053420099417,
      "sampled": {
        "max": 91.06179356208322,
        "median": 74.795829990551,
        "min": 53.90774755044172,
        "n": 50000.0,
        "p10": 64.25248071552899,
        "p90": 84.93080019923968
      },
      "sim_ia_init": {
        "max": 91.11428829558841,
        "median": 74.78795167740188,
        "min": 53.8242078904697,
        "n": 50000.0,
        "p10": 64.15010982641162,
        "p90": 84.89099393849617
      },
      "status": "PASS"
    }
  },
  "primary_tag": "muplus",
  "sampled_source_energy_policy": "LEGACY_CDF_ENERGY_MEV_COLUMN_USED_AS_KEV_TO_MATCH_TES_COSIMA_SOURCE",
  "samples_compared": 50000,
  "sim_paths": [
    "/home/ubuntu/TES_511_Balloon/runs/step02_instant_fix5_fullstat_v2/Background_muplus_fullsphere20_rep01_part01.inc1.id1.sim.gz",
    "/home/ubuntu/TES_511_Balloon/runs/step02_instant_fix5_fullstat_v2/Background_muplus_fullsphere20_rep02_part01.inc1.id1.sim.gz",
    "/home/ubuntu/TES_511_Balloon/runs/step02_instant_fix5_fullstat_v2/Background_muplus_fullsphere20_rep03_part01.inc1.id1.sim.gz",
    "/home/ubuntu/TES_511_Balloon/runs/step02_instant_fix5_fullstat_v2/Background_muplus_fullsphere20_rep04_part01.inc1.id1.sim.gz",
    "/home/ubuntu/TES_511_Balloon/runs/step02_instant_fix5_fullstat_v2/Background_muplus_fullsphere20_rep05_part01.inc1.id1.sim.gz",
    "/home/ubuntu/TES_511_Balloon/runs/step02_instant_fix5_fullstat_v2/Background_muplus_fullsphere20_rep06_part01.inc1.id1.sim.gz",
    "/home/ubuntu/TES_511_Balloon/runs/step02_instant_fix5_fullstat_v2/Background_muplus_fullsphere20_rep07_part01.inc1.id1.sim.gz",
    "/home/ubuntu/TES_511_Balloon/runs/step02_instant_fix5_fullstat_v2/Background_muplus_fullsphere20_rep08_part01.inc1.id1.sim.gz"
  ],
  "source_rotation_y_deg": -45.0,
  "status": "PASS"
}